<?xml version="1.0" encoding="UTF-8"?><?xml-stylesheet type='text/xsl' href='_UpgradeReport_Files/UpgradeReport.xslt'?><UpgradeLog>
<Properties><Property Name="Solution" Value="AAL77FDRDecoder">
</Property><Property Name="Solution File" Value="C:\Projects\Pilots For 911 Truth\AAL77FDRDecoder\AAL77FDRDecoder.sln">
</Property><Property Name="User Options File" Value="C:\Projects\Pilots For 911 Truth\AAL77FDRDecoder\AAL77FDRDecoder.suo">
</Property><Property Name="Date" Value="Sunday, 5 September 2010">
</Property><Property Name="Time" Value="18:04 PM">
</Property></Properties><Event ErrorLevel="0" Project="" Source="AAL77FDRDecoder.sln" Description="File successfully backed up as C:\Projects\Pilots For 911 Truth\AAL77FDRDecoder\Backup\AAL77FDRDecoder.sln">
</Event><Event ErrorLevel="0" Project="" Source="AAL77FDRDecoder.suo" Description="File successfully backed up as C:\Projects\Pilots For 911 Truth\AAL77FDRDecoder\Backup\AAL77FDRDecoder.suo">
</Event><Event ErrorLevel="0" Project="AAL77FDRDecoder" Source="AAL77FDRDecoder\AAL77FDRDecoder.csproj" Description="Project file successfully backed up as C:\Projects\Pilots For 911 Truth\AAL77FDRDecoder\Backup\AAL77FDRDecoder\AAL77FDRDecoder.csproj">
</Event><Event ErrorLevel="0" Project="AAL77FDRDecoder" Source="AAL77FDRDecoder\AAL77FDRDecoder.csproj.user" Description="Project user file successfully backed up as C:\Projects\Pilots For 911 Truth\AAL77FDRDecoder\Backup\AAL77FDRDecoder\AAL77FDRDecoder.csproj.user">
</Event><Event ErrorLevel="0" Project="AAL77FDRDecoder" Source="AAL77FDRDecoder\GenerateOutput.cs" Description="File successfully backed up as C:\Projects\Pilots For 911 Truth\AAL77FDRDecoder\Backup\AAL77FDRDecoder\GenerateOutput.cs">
</Event><Event ErrorLevel="0" Project="AAL77FDRDecoder" Source="AAL77FDRDecoder\GenerationProgress.cs" Description="File successfully backed up as C:\Projects\Pilots For 911 Truth\AAL77FDRDecoder\Backup\AAL77FDRDecoder\GenerationProgress.cs">
</Event><Event ErrorLevel="0" Project="AAL77FDRDecoder" Source="AAL77FDRDecoder\GenerationProgress.Designer.cs" Description="File successfully backed up as C:\Projects\Pilots For 911 Truth\AAL77FDRDecoder\Backup\AAL77FDRDecoder\GenerationProgress.Designer.cs">
</Event><Event ErrorLevel="0" Project="AAL77FDRDecoder" Source="AAL77FDRDecoder\Main.cs" Description="File successfully backed up as C:\Projects\Pilots For 911 Truth\AAL77FDRDecoder\Backup\AAL77FDRDecoder\Main.cs">
</Event><Event ErrorLevel="0" Project="AAL77FDRDecoder" Source="AAL77FDRDecoder\Main.designer.cs" Description="File successfully backed up as C:\Projects\Pilots For 911 Truth\AAL77FDRDecoder\Backup\AAL77FDRDecoder\Main.designer.cs">
</Event><Event ErrorLevel="0" Project="AAL77FDRDecoder" Source="AAL77FDRDecoder\Program.cs" Description="File successfully backed up as C:\Projects\Pilots For 911 Truth\AAL77FDRDecoder\Backup\AAL77FDRDecoder\Program.cs">
</Event><Event ErrorLevel="0" Project="AAL77FDRDecoder" Source="AAL77FDRDecoder\Properties\AssemblyInfo.cs" Description="File successfully backed up as C:\Projects\Pilots For 911 Truth\AAL77FDRDecoder\Backup\AAL77FDRDecoder\Properties\AssemblyInfo.cs">
</Event><Event ErrorLevel="0" Project="AAL77FDRDecoder" Source="AAL77FDRDecoder\Properties\Resources.Designer.cs" Description="File successfully backed up as C:\Projects\Pilots For 911 Truth\AAL77FDRDecoder\Backup\AAL77FDRDecoder\Properties\Resources.Designer.cs">
</Event><Event ErrorLevel="0" Project="AAL77FDRDecoder" Source="AAL77FDRDecoder\Properties\Settings.Designer.cs" Description="File successfully backed up as C:\Projects\Pilots For 911 Truth\AAL77FDRDecoder\Backup\AAL77FDRDecoder\Properties\Settings.Designer.cs">
</Event><Event ErrorLevel="0" Project="AAL77FDRDecoder" Source="AAL77FDRDecoder\AAL77FDRDecoder_TemporaryKey.pfx" Description="File successfully backed up as C:\Projects\Pilots For 911 Truth\AAL77FDRDecoder\Backup\AAL77FDRDecoder\AAL77FDRDecoder_TemporaryKey.pfx">
</Event><Event ErrorLevel="0" Project="AAL77FDRDecoder" Source="AAL77FDRDecoder\Properties\Settings.settings" Description="File successfully backed up as C:\Projects\Pilots For 911 Truth\AAL77FDRDecoder\Backup\AAL77FDRDecoder\Properties\Settings.settings">
</Event><Event ErrorLevel="0" Project="AAL77FDRDecoder" Source="AAL77FDRDecoder\GenerationProgress.resx" Description="File successfully backed up as C:\Projects\Pilots For 911 Truth\AAL77FDRDecoder\Backup\AAL77FDRDecoder\GenerationProgress.resx">
</Event><Event ErrorLevel="0" Project="AAL77FDRDecoder" Source="AAL77FDRDecoder\Main.resx" Description="File successfully backed up as C:\Projects\Pilots For 911 Truth\AAL77FDRDecoder\Backup\AAL77FDRDecoder\Main.resx">
</Event><Event ErrorLevel="0" Project="AAL77FDRDecoder" Source="AAL77FDRDecoder\Properties\Resources.resx" Description="File successfully backed up as C:\Projects\Pilots For 911 Truth\AAL77FDRDecoder\Backup\AAL77FDRDecoder\Properties\Resources.resx">
</Event><Event ErrorLevel="0" Project="AAL77FDRDecoder" Source="AAL77FDRDecoder\AAL77FDRDecoder.csproj" Description="Project converted successfully">
</Event><Event ErrorLevel="3" Project="AAL77FDRDecoder" Source="AAL77FDRDecoder\AAL77FDRDecoder.csproj" Description="Converted">
</Event><Event ErrorLevel="0" Project="" Source="AAL77FDRDecoder.sln" Description="Solution converted successfully">
</Event><Event ErrorLevel="3" Project="" Source="AAL77FDRDecoder.sln" Description="Converted">
</Event><Event ErrorLevel="0" Project="AAL77FDRDecoder" Source="AAL77FDRDecoder\AAL77FDRDecoder.csproj" Description="Scan complete: Upgrade not required for project files.">
</Event></UpgradeLog>